Solution Name,Detail URL
Global Skills Development Report,https://www.shl.com/solutions/products/product-catalog/view/global-skills-development-report/
.NET Framework 4.5,https://www.shl.com/solutions/products/product-catalog/view/net-framework-4-5/
.NET MVC (New),https://www.shl.com/solutions/products/product-catalog/view/net-mvc-new/
.NET MVVM (New),https://www.shl.com/solutions/products/product-catalog/view/net-mvvm-new/
.NET WCF (New),https://www.shl.com/solutions/products/product-catalog/view/net-wcf-new/
.NET WPF (New),https://www.shl.com/solutions/products/product-catalog/view/net-wpf-new/
.NET XAML (New),https://www.shl.com/solutions/products/product-catalog/view/net-xaml-new/
Accounts Payable (New),https://www.shl.com/solutions/products/product-catalog/view/accounts-payable-new/
Accounts Payable Simulation (New),https://www.shl.com/solutions/products/product-catalog/view/accounts-payable-simulation-new/
Accounts Receivable (New),https://www.shl.com/solutions/products/product-catalog/view/accounts-receivable-new/
Accounts Receivable Simulation (New),https://www.shl.com/solutions/products/product-catalog/view/accounts-receivable-simulation-new/
ADO.NET (New),https://www.shl.com/solutions/products/product-catalog/view/ado-net-new/
Adobe Experience Manager (New),https://www.shl.com/solutions/products/product-catalog/view/adobe-experience-manager-new/
Adobe Photoshop CC,https://www.shl.com/solutions/products/product-catalog/view/adobe-photoshop-cc/
Aeronautical Engineering (New),https://www.shl.com/solutions/products/product-catalog/view/aeronautical-engineering-new/
Aerospace Engineering (New),https://www.shl.com/solutions/products/product-catalog/view/aerospace-engineering-new/
Agile Software Development,https://www.shl.com/solutions/products/product-catalog/view/agile-software-development/
Agile Testing (New),https://www.shl.com/solutions/products/product-catalog/view/agile-testing-new/
AI Skills,https://www.shl.com/solutions/products/product-catalog/view/ai-skills/
Amazon Web Services (AWS) Development (New),https://www.shl.com/solutions/products/product-catalog/view/amazon-web-services-aws-development-new/
Android Development (New),https://www.shl.com/solutions/products/product-catalog/view/android-development-new/
Angular 6 (New),https://www.shl.com/solutions/products/product-catalog/view/angular-6-new/
AngularJS (New),https://www.shl.com/solutions/products/product-catalog/view/angularjs-new/
Apache Hadoop (New),https://www.shl.com/solutions/products/product-catalog/view/apache-hadoop-new/
Apache Hadoop Extensions (New),https://www.shl.com/solutions/products/product-catalog/view/apache-hadoop-extensions-new/
Apache HBase (New),https://www.shl.com/solutions/products/product-catalog/view/apache-hbase-new/
Apache Hive (New),https://www.shl.com/solutions/products/product-catalog/view/apache-hive-new/
Apache Kafka (New),https://www.shl.com/solutions/products/product-catalog/view/apache-kafka-new/
Apache Pig (New),https://www.shl.com/solutions/products/product-catalog/view/apache-pig-new/
Apache Spark (New),https://www.shl.com/solutions/products/product-catalog/view/apache-spark-new/
ASP .NET with C# (New),https://www.shl.com/solutions/products/product-catalog/view/asp-net-with-c-new/
ASP.NET 4.5,https://www.shl.com/solutions/products/product-catalog/view/asp-net-4-5/
Assessment and Development Center Exercises,https://www.shl.com/solutions/products/product-catalog/view/assessment-and-development-center-exercises/
Automata - Fix (New),https://www.shl.com/solutions/products/product-catalog/view/automata-fix-new/
Automata - SQL (New),https://www.shl.com/solutions/products/product-catalog/view/automata-sql-new/
Automata (New),https://www.shl.com/solutions/products/product-catalog/view/automata-new/
Automata Data Science (New),https://www.shl.com/solutions/products/product-catalog/view/automata-data-science-new/
Automata Data Science Pro (New),https://www.shl.com/solutions/products/product-catalog/view/automata-data-science-pro-new/
Automata Front End,https://www.shl.com/solutions/products/product-catalog/view/automata-front-end/
Automata Pro (New),https://www.shl.com/solutions/products/product-catalog/view/automata-pro-new/
Automata Selenium,https://www.shl.com/solutions/products/product-catalog/view/automata-selenium/
Automation Anywhere RPA Development (New),https://www.shl.com/solutions/products/product-catalog/view/automation-anywhere-rpa-development-new/
Automotive Engineering (New),https://www.shl.com/solutions/products/product-catalog/view/automotive-engineering-new/
Basic Biology (New),https://www.shl.com/solutions/products/product-catalog/view/basic-biology-new/
Basic Computer Literacy (Windows 10) (New),https://www.shl.com/solutions/products/product-catalog/view/basic-computer-literacy-windows-10-new/
Basic Statistics (New),https://www.shl.com/solutions/products/product-catalog/view/basic-statistics-new/
Biochemistry (New),https://www.shl.com/solutions/products/product-catalog/view/biochemistry-new/
Biotech Lab Techniques (New),https://www.shl.com/solutions/products/product-catalog/view/biotech-lab-techniques-new/
BizTalk (New),https://www.shl.com/solutions/products/product-catalog/view/biztalk-new/
Business Communication (adaptive),https://www.shl.com/solutions/products/product-catalog/view/business-communication-adaptive/
Business Communications,https://www.shl.com/solutions/products/product-catalog/view/business-communications/
C Programming (New),https://www.shl.com/solutions/products/product-catalog/view/c-programming-new/
C# Programming (New),https://www.shl.com/solutions/products/product-catalog/view/c-programming-new-4039/
C++ Programming (New),https://www.shl.com/solutions/products/product-catalog/view/c-programming-new-4122/
Cardiology and Diabetes Management (New),https://www.shl.com/solutions/products/product-catalog/view/cardiology-and-diabetes-management-new/
Ceramic Engineering (New),https://www.shl.com/solutions/products/product-catalog/view/ceramic-engineering-new/
Chemical Engineering (New),https://www.shl.com/solutions/products/product-catalog/view/chemical-engineering-new/
Cisco AppDynamics (New),https://www.shl.com/solutions/products/product-catalog/view/cisco-appdynamics-new/
Civil Engineering (New),https://www.shl.com/solutions/products/product-catalog/view/civil-engineering-new/
Cloud Computing (New),https://www.shl.com/solutions/products/product-catalog/view/cloud-computing-new/
COBOL Programming (New),https://www.shl.com/solutions/products/product-catalog/view/cobol-programming-new/
Computer Science (New),https://www.shl.com/solutions/products/product-catalog/view/computer-science-new/
Contact Center Call Simulation (New),https://www.shl.com/solutions/products/product-catalog/view/contact-center-call-simulation-new/
Conversational Multichat Simulation,https://www.shl.com/solutions/products/product-catalog/view/conversational-multichat-simulation/
Core Java (Advanced Level) (New),https://www.shl.com/solutions/products/product-catalog/view/core-java-advanced-level-new/
Core Java (Entry Level) (New),https://www.shl.com/solutions/products/product-catalog/view/core-java-entry-level-new/
Count Out The Money,https://www.shl.com/solutions/products/product-catalog/view/count-out-the-money/
CSS3 (New),https://www.shl.com/solutions/products/product-catalog/view/css3-new/
Culinary Skills (New),https://www.shl.com/solutions/products/product-catalog/view/culinary-skills-new/
Customer Service Phone Simulation,https://www.shl.com/solutions/products/product-catalog/view/customer-service-phone-simulation/
Customer Service Phone Solution,https://www.shl.com/solutions/products/product-catalog/view/customer-service-phone-solution/
Cyber Risk (New),https://www.shl.com/solutions/products/product-catalog/view/cyber-risk-new/
Data Entry (New),https://www.shl.com/solutions/products/product-catalog/view/data-entry-new/
Data Entry Alphanumeric Split Screen - US,https://www.shl.com/solutions/products/product-catalog/view/data-entry-alphanumeric-split-screen-us/
Data Entry Numeric Split Screen - US,https://www.shl.com/solutions/products/product-catalog/view/data-entry-numeric-split-screen-us/
Data Entry Ten Key Split Screen,https://www.shl.com/solutions/products/product-catalog/view/data-entry-ten-key-split-screen/
Data Science (New),https://www.shl.com/solutions/products/product-catalog/view/data-science-new/
Data Warehousing Concepts,https://www.shl.com/solutions/products/product-catalog/view/data-warehousing-concepts/
Dependability and Safety Instrument (DSI),https://www.shl.com/solutions/products/product-catalog/view/dependability-and-safety-instrument-dsi/
Dermatology (New),https://www.shl.com/solutions/products/product-catalog/view/dermatology-new/
Desktop Support (New),https://www.shl.com/solutions/products/product-catalog/view/desktop-support-new/
Digital Advertising (New),https://www.shl.com/solutions/products/product-catalog/view/digital-advertising-new/
Digital Readiness Development Report - IC,https://www.shl.com/solutions/products/product-catalog/view/digital-readiness-development-report/
Digital Readiness Development Report - Manager,https://www.shl.com/solutions/products/product-catalog/view/digital-readiness-development-report-manager/
Docker (New),https://www.shl.com/solutions/products/product-catalog/view/docker-new/
Dojo (New),https://www.shl.com/solutions/products/product-catalog/view/dojo-new/
Drupal (New),https://www.shl.com/solutions/products/product-catalog/view/drupal-new/
DSI v1.1 Interpretation Report,https://www.shl.com/solutions/products/product-catalog/view/dsi-v1-1-interpretation-report/
Econometrics (New),https://www.shl.com/solutions/products/product-catalog/view/econometrics-new/
Economics (New),https://www.shl.com/solutions/products/product-catalog/view/economics-new/
Electrical and Electronics Engineering (New),https://www.shl.com/solutions/products/product-catalog/view/electrical-and-electronics-engineering-new/
Electrical Engineering (New),https://www.shl.com/solutions/products/product-catalog/view/electrical-engineering-new/
Electronics & Telecommunications Engineering (New),https://www.shl.com/solutions/products/product-catalog/view/electronics-and-telecommunications-engineering-new/
Electronics and Embedded Systems Engineering (New),https://www.shl.com/solutions/products/product-catalog/view/electronics-and-embedded-systems-engineering-new/
Electronics and Semiconductor Engineering (New),https://www.shl.com/solutions/products/product-catalog/view/electronics-and-semiconductor-engineering-new/
English Comprehension (New),https://www.shl.com/solutions/products/product-catalog/view/english-comprehension-new/
Enterprise Java Beans (New),https://www.shl.com/solutions/products/product-catalog/view/enterprise-java-beans-new/
Enterprise Leadership Report 1.0,https://www.shl.com/solutions/products/product-catalog/view/enterprise-leadership-report/
Enterprise Leadership Report 2.0,https://www.shl.com/solutions/products/product-catalog/view/enterprise-leadership-report-2-0/
Entry Level Cashier Solution,https://www.shl.com/solutions/products/product-catalog/view/entry-level-cashier-solution/
Entry Level Customer Serv-Retail & Contact Center,https://www.shl.com/solutions/products/product-catalog/view/entry-level-customer-serv-retail-and-contact-center/
Entry Level Customer Service (General) Solution,https://www.shl.com/solutions/products/product-catalog/view/entry-level-customer-service-general-solution/
Entry Level Hotel Front Desk Solution,https://www.shl.com/solutions/products/product-catalog/view/entry-level-hotel-front-desk-solution/
Entry Level Sales Solution,https://www.shl.com/solutions/products/product-catalog/view/entry-level-sales-solution/
Entry Level Technical Support Solution,https://www.shl.com/solutions/products/product-catalog/view/entry-level-technical-support-solution/
ETL Testing (New),https://www.shl.com/solutions/products/product-catalog/view/etl-testing-new/
Executive Scenarios,https://www.shl.com/solutions/products/product-catalog/view/executive-scenarios/
Executive Scenarios Narrative Report,https://www.shl.com/solutions/products/product-catalog/view/executive-scenarios-narrative-report/
Executive Scenarios Profile Report,https://www.shl.com/solutions/products/product-catalog/view/executive-scenarios-profile-report/
ExpressJS (New),https://www.shl.com/solutions/products/product-catalog/view/expressjs-new/
Filing - Names (R1),https://www.shl.com/solutions/products/product-catalog/view/filing-names-r1/
Filing - Numbers,https://www.shl.com/solutions/products/product-catalog/view/filing-numbers/
Financial Accounting (New),https://www.shl.com/solutions/products/product-catalog/view/financial-accounting-new/
Financial and Banking Services (New),https://www.shl.com/solutions/products/product-catalog/view/financial-and-banking-services-new/
Fire Engineering (New),https://www.shl.com/solutions/products/product-catalog/view/fire-engineering-new/
Following Instructions v1 - UK (R1),https://www.shl.com/solutions/products/product-catalog/view/following-instructions-v1-uk-r1/
Following Instructions v1 - US (R2),https://www.shl.com/solutions/products/product-catalog/view/following-instructions-v1-us-r2/
Food and Beverage Services (New),https://www.shl.com/solutions/products/product-catalog/view/food-and-beverage-services-new/
Food Science (New),https://www.shl.com/solutions/products/product-catalog/view/food-science-new/
Front Office Management (New),https://www.shl.com/solutions/products/product-catalog/view/front-office-management-new/
Fundamentals of Chemistry (New),https://www.shl.com/solutions/products/product-catalog/view/fundamentals-of-chemistry-new/
Fundamentals of Physics (New),https://www.shl.com/solutions/products/product-catalog/view/fundamentals-of-physics-new/
General Diseases (New),https://www.shl.com/solutions/products/product-catalog/view/general-diseases-new/
Geoinformatics Engineering (New),https://www.shl.com/solutions/products/product-catalog/view/geoinformatics-engineering-new/
Geoscience Engineering (New),https://www.shl.com/solutions/products/product-catalog/view/geoscience-engineering-new/
GIT (New),https://www.shl.com/solutions/products/product-catalog/view/git-new/
Global Skills Assessment,https://www.shl.com/solutions/products/product-catalog/view/global-skills-assessment/
Graduate Scenarios,https://www.shl.com/solutions/products/product-catalog/view/graduate-scenarios/
Graduate Scenarios Narrative Report,https://www.shl.com/solutions/products/product-catalog/view/graduate-scenarios-narrative-report/
Graduate Scenarios Profile Report,https://www.shl.com/solutions/products/product-catalog/view/graduate-scenarios-profile-report/
Hibernate (New),https://www.shl.com/solutions/products/product-catalog/view/hibernate-new/
HIPAA (Security),https://www.shl.com/solutions/products/product-catalog/view/hipaa-security/
HiPo Assessment Report 1.0,https://www.shl.com/solutions/products/product-catalog/view/hipo-assessment-report-1-0/
HiPo Assessment Report 2.0,https://www.shl.com/solutions/products/product-catalog/view/hipo-assessment-report-2-0/
HiPo Unlocking Potential Report 2.0,https://www.shl.com/solutions/products/product-catalog/view/hipo-unlocking-potential-report-2-0/
Housekeeping (New),https://www.shl.com/solutions/products/product-catalog/view/housekeeping-new/
HTML/CSS (New),https://www.shl.com/solutions/products/product-catalog/view/htmlcss-new/
HTML5 (New),https://www.shl.com/solutions/products/product-catalog/view/html5-new/
Human Resources (New),https://www.shl.com/solutions/products/product-catalog/view/human-resources-new/
IBM DataStage (New),https://www.shl.com/solutions/products/product-catalog/view/ibm-datastage-new/
IBM Sterling Order Management System (New),https://www.shl.com/solutions/products/product-catalog/view/ibm-sterling-order-management-system-new/
Industrial Engineering (New),https://www.shl.com/solutions/products/product-catalog/view/industrial-engineering-new/
Informatica (Architecture) (New),https://www.shl.com/solutions/products/product-catalog/view/informatica-architecture-new/
Informatica (Developer) (New),https://www.shl.com/solutions/products/product-catalog/view/informatica-developer-new/
Instrumentation Engineering (New),https://www.shl.com/solutions/products/product-catalog/view/instrumentation-engineering-new/
Interpersonal Communications,https://www.shl.com/solutions/products/product-catalog/view/interpersonal-communications/
Interviewing and Hiring Concepts (U.S.),https://www.shl.com/solutions/products/product-catalog/view/interviewing-and-hiring-concepts-u-s/
iOS Development (New),https://www.shl.com/solutions/products/product-catalog/view/ios-development-new/
ITIL (IT Infrastructure Library) (New),https://www.shl.com/solutions/products/product-catalog/view/itil-it-infrastructure-library-new/
Java 2 Platform Enterprise Edition 1.4 Fundamental,https://www.shl.com/solutions/products/product-catalog/view/java-2-platform-enterprise-edition-1-4-fundamental/
Java 8 (New),https://www.shl.com/solutions/products/product-catalog/view/java-8-new/
Java Design Patterns (New),https://www.shl.com/solutions/products/product-catalog/view/java-design-patterns-new/
Java Frameworks (New),https://www.shl.com/solutions/products/product-catalog/view/java-frameworks-new/
Java Platform Enterprise Edition 7 (Java EE 7),https://www.shl.com/solutions/products/product-catalog/view/java-platform-enterprise-edition-7-java-ee-7/
Java Web Services (New),https://www.shl.com/solutions/products/product-catalog/view/java-web-services-new/
JavaScript (New),https://www.shl.com/solutions/products/product-catalog/view/javascript-new/
Jenkins (New),https://www.shl.com/solutions/products/product-catalog/view/jenkins-new/
Job Control Language (New),https://www.shl.com/solutions/products/product-catalog/view/job-control-language-new/
jQuery (New),https://www.shl.com/solutions/products/product-catalog/view/jquery-new/
Kubernetes (New),https://www.shl.com/solutions/products/product-catalog/view/kubernetes-new/
Linux Administration (New),https://www.shl.com/solutions/products/product-catalog/view/linux-administration-new/
Linux Operating System,https://www.shl.com/solutions/products/product-catalog/view/linux-operating-system/
Linux Programming (General),https://www.shl.com/solutions/products/product-catalog/view/linux-programming-general/
Load Runner (New),https://www.shl.com/solutions/products/product-catalog/view/load-runner-new/
Management Scenarios,https://www.shl.com/solutions/products/product-catalog/view/management-scenarios/
Managerial Scenarios Candidate Report,https://www.shl.com/solutions/products/product-catalog/view/managerial-scenarios-candidate-report/
Managerial Scenarios Narrative Report,https://www.shl.com/solutions/products/product-catalog/view/managerial-scenarios-narrative-report/
Managerial Scenarios Profile Report,https://www.shl.com/solutions/products/product-catalog/view/managerial-scenarios-profile-report/
Manual Testing (New),https://www.shl.com/solutions/products/product-catalog/view/manual-testing-new/
Manufac. & Indust. - Mechanical & Vigilance 8.0,https://www.shl.com/solutions/products/product-catalog/view/mechanical-and-vigilance-focus-8-0/
Manufac. & Indust. - Safety & Dependability 8.0,https://www.shl.com/solutions/products/product-catalog/view/safety-and-dependability-focus-8-0/
Manufacturing & Industrial - Essential Focus 8.0,https://www.shl.com/solutions/products/product-catalog/view/essential-focus-8-0/
Manufacturing & Industrial - Mechanical Focus 8.0,https://www.shl.com/solutions/products/product-catalog/view/mechanical-focus-8-0/
Manufacturing & Industrial - Vigilance Focus 8.0,https://www.shl.com/solutions/products/product-catalog/view/vigilance-focus-8-0/
Marketing (New),https://www.shl.com/solutions/products/product-catalog/view/marketing-new/
Maven (New),https://www.shl.com/solutions/products/product-catalog/view/maven-new/
Mechanical Engineering (New),https://www.shl.com/solutions/products/product-catalog/view/mechanical-engineering-new/
Mechatronics Engineering (New),https://www.shl.com/solutions/products/product-catalog/view/mechatronics-engineering-new/
Medical Terminology (New),https://www.shl.com/solutions/products/product-catalog/view/medical-terminology-new/
Metallurgical Engineering (New),https://www.shl.com/solutions/products/product-catalog/view/metallurgical-engineering-new/
MFS 360 Enterprise Leadership Report,https://www.shl.com/solutions/products/product-catalog/view/mfs-360-enterprise-leadership-report/
MFS 360 UCF Group Report,https://www.shl.com/solutions/products/product-catalog/view/mfs-360-ucf-group-report/
MFS 360 UCF Performance Potential Dev Tips Report,https://www.shl.com/solutions/products/product-catalog/view/mfs-360-ucf-performance-potential-dev-tips-report/
MFS 360 UCF Standard Report,https://www.shl.com/solutions/products/product-catalog/view/mfs-360-ucf-standard-report/
Micro Focus Unified Functional Testing (New),https://www.shl.com/solutions/products/product-catalog/view/micro-focus-unified-functional-testing-new/
Microservices (New),https://www.shl.com/solutions/products/product-catalog/view/microservices-new/
Microsoft Dynamics Development (New),https://www.shl.com/solutions/products/product-catalog/view/microsoft-dynamics-development-new/
Microsoft Excel 365 - Essentials (New),https://www.shl.com/solutions/products/product-catalog/view/microsoft-excel-365-essentials-new/
Microsoft Excel 365 (New),https://www.shl.com/solutions/products/product-catalog/view/microsoft-excel-365-new/
Microsoft Outlook 2013 (adaptive),https://www.shl.com/solutions/products/product-catalog/view/microsoft-outlook-2013-adaptive/
Microsoft PowerPoint 365 - Essentials (New),https://www.shl.com/solutions/products/product-catalog/view/microsoft-powerpoint-365-essentials-new/
Microsoft SQL Server 2014 Programming,https://www.shl.com/solutions/products/product-catalog/view/microsoft-sql-server-2014-programming/
Microsoft Windows Server 2012 Administration,https://www.shl.com/solutions/products/product-catalog/view/microsoft-windows-server-2012-administration/
Microsoft Word 365 - Essentials (New),https://www.shl.com/solutions/products/product-catalog/view/microsoft-word-365-essentials-new/
Microsoft Word 365 (New),https://www.shl.com/solutions/products/product-catalog/view/microsoft-word-365-new/
Mineral Engineering (New),https://www.shl.com/solutions/products/product-catalog/view/mineral-engineering-new/
Mining Engineering (New),https://www.shl.com/solutions/products/product-catalog/view/mining-engineering-new/
Mobility (New),https://www.shl.com/solutions/products/product-catalog/view/mobility-new/
Molecular Biology (New),https://www.shl.com/solutions/products/product-catalog/view/molecular-biology-new/
MongoDB (New),https://www.shl.com/solutions/products/product-catalog/view/mongodb-new/
Motivation Questionnaire MQM5,https://www.shl.com/solutions/products/product-catalog/view/motivation-questionnaire-mqm5/
MQ Candidate Motivation Report,https://www.shl.com/solutions/products/product-catalog/view/mq-candidate-motivation-report/
MQ Employee Motivation Report,https://www.shl.com/solutions/products/product-catalog/view/mq-employee-motivation-report/
MQ Motivation Report Pack,https://www.shl.com/solutions/products/product-catalog/view/mq-motivation-report-pack/
MQ Profile,https://www.shl.com/solutions/products/product-catalog/view/mq-profile/
MS Access (New),https://www.shl.com/solutions/products/product-catalog/view/ms-access-new/
MS Excel (New),https://www.shl.com/solutions/products/product-catalog/view/ms-excel-new/
MS Office Basic Computer Literacy (New),https://www.shl.com/solutions/products/product-catalog/view/ms-office-basic-computer-literacy-new/
MS Office Basic Computer Literacy (Sim) (New),https://www.shl.com/solutions/products/product-catalog/view/ms-office-basic-computer-literacy-sim-new/
MS PowerPoint (New),https://www.shl.com/solutions/products/product-catalog/view/ms-powerpoint-new/
MS Word (New),https://www.shl.com/solutions/products/product-catalog/view/ms-word-new/
MuleSoft Development (New),https://www.shl.com/solutions/products/product-catalog/view/mulesoft-development-new/
Multitasking Ability,https://www.shl.com/solutions/products/product-catalog/view/multitasking-ability/
Networking and Implementation (New),https://www.shl.com/solutions/products/product-catalog/view/networking-and-implementation-new/
Node.js (New),https://www.shl.com/solutions/products/product-catalog/view/node-js-new/
Nursing (New),https://www.shl.com/solutions/products/product-catalog/view/nursing-new/
Occupational Personality Questionnaire OPQ32r,https://www.shl.com/solutions/products/product-catalog/view/occupational-personality-questionnaire-opq32r/
Operations Management (New),https://www.shl.com/solutions/products/product-catalog/view/operations-management-new/
OPQ Candidate Plus Report,https://www.shl.com/solutions/products/product-catalog/view/opq-candidate-plus-report/
OPQ Candidate Report 2.0,https://www.shl.com/solutions/products/product-catalog/view/opq-candidate-report-2-0/
OPQ Emotional Intelligence Report,https://www.shl.com/solutions/products/product-catalog/view/opq-emotional-intelligence-report/
OPQ Leadership Report,https://www.shl.com/solutions/products/product-catalog/view/opq-leadership-report/
OPQ Manager Plus Report,https://www.shl.com/solutions/products/product-catalog/view/opq-manager-plus-report/
OPQ Manager Plus Report 2.0,https://www.shl.com/solutions/products/product-catalog/view/opq-manager-plus-report-2-0/
OPQ Maximising your Learning Report,https://www.shl.com/solutions/products/product-catalog/view/opq-maximising-your-learning-report/
OPQ MQ Sales Report,https://www.shl.com/solutions/products/product-catalog/view/opq-mq-sales-report/
OPQ Premium Plus Report,https://www.shl.com/solutions/products/product-catalog/view/opq-premium-plus-report/
OPQ Premium Plus Report 2.0,https://www.shl.com/solutions/products/product-catalog/view/opq-premium-plus-report-2-0/
OPQ Profile Report,https://www.shl.com/solutions/products/product-catalog/view/opq-profile-report/
OPQ Team Impact Group Development Report,https://www.shl.com/solutions/products/product-catalog/view/opq-team-impact-group-development-report/
OPQ Team Impact Individual Development Report,https://www.shl.com/solutions/products/product-catalog/view/opq-team-impact-individual-development-report/
OPQ Team Impact Selection Report,https://www.shl.com/solutions/products/product-catalog/view/opq-team-impact-selection-report/
OPQ Team Types & Leadership Styles Profile,https://www.shl.com/solutions/products/product-catalog/view/opq-team-types-and-leadership-styles-profile/
OPQ Team Types and Leadership Styles Report,https://www.shl.com/solutions/products/product-catalog/view/opq-team-types-and-leadership-styles-report/
OPQ UCF Development Action Planner Report 1.0,https://www.shl.com/solutions/products/product-catalog/view/opq-ucf-development-action-planner-report/
OPQ UCF Development Action Planner Report 2.0,https://www.shl.com/solutions/products/product-catalog/view/opq-ucf-development-action-planner-report-2-0/
OPQ Universal Competency Report 1.0,https://www.shl.com/solutions/products/product-catalog/view/opq-universal-competency-report/
OPQ Universal Competency Report 2.0,https://www.shl.com/solutions/products/product-catalog/view/opq-universal-competency-report-2-0/
OPQ User and Managers Report,https://www.shl.com/solutions/products/product-catalog/view/opq-user-and-managers-report/
OPQ User Report,https://www.shl.com/solutions/products/product-catalog/view/opq-user-report/
Oracle DBA (Advanced Level) (New),https://www.shl.com/solutions/products/product-catalog/view/oracle-dba-advanced-level-new/
Oracle DBA (Entry Level) (New),https://www.shl.com/solutions/products/product-catalog/view/oracle-dba-entry-level-new/
Oracle PL/SQL (New),https://www.shl.com/solutions/products/product-catalog/view/oracle-plsql-new/
Oracle WebLogic Server (New),https://www.shl.com/solutions/products/product-catalog/view/oracle-weblogic-server-new/
Organic Chemistry (New),https://www.shl.com/solutions/products/product-catalog/view/organic-chemistry-new/
Paint Technology (New),https://www.shl.com/solutions/products/product-catalog/view/paint-technology-new/
Pediatrics (New),https://www.shl.com/solutions/products/product-catalog/view/pediatrics-new/
Pega Development (New),https://www.shl.com/solutions/products/product-catalog/view/pega-development-new/
Perl (New),https://www.shl.com/solutions/products/product-catalog/view/perl-new/
Petrochemical Engineering (New),https://www.shl.com/solutions/products/product-catalog/view/petrochemical-engineering-new/
Petroleum Engineering (New),https://www.shl.com/solutions/products/product-catalog/view/petroleum-engineering-new/
Pharmaceutical Analysis (New),https://www.shl.com/solutions/products/product-catalog/view/pharmaceutical-analysis-new/
Pharmaceutical Chemistry (New),https://www.shl.com/solutions/products/product-catalog/view/pharmaceutical-chemistry-new/
Pharmaceutical Science (New),https://www.shl.com/solutions/products/product-catalog/view/pharmaceutical-science-new/
Pharmaceutics (New),https://www.shl.com/solutions/products/product-catalog/view/pharmaceutics-new/
Pharmacology (New),https://www.shl.com/solutions/products/product-catalog/view/pharmacology-new/
PHP (New),https://www.shl.com/solutions/products/product-catalog/view/php-new/
PJM Development Report,https://www.shl.com/solutions/products/product-catalog/view/pjm-development-report/
PJM Selection Report,https://www.shl.com/solutions/products/product-catalog/view/pjm-selection-report/
Polymer Engineering (New),https://www.shl.com/solutions/products/product-catalog/view/polymer-engineering-new/
Power Electronics and Drives (New),https://www.shl.com/solutions/products/product-catalog/view/power-electronics-and-drives-new/
Power System Engineering (New),https://www.shl.com/solutions/products/product-catalog/view/power-system-engineering-new/
Prism (New),https://www.shl.com/solutions/products/product-catalog/view/prism-new/
Production and Industrial Engineering (New),https://www.shl.com/solutions/products/product-catalog/view/production-and-industrial-engineering-new/
Production Engineering (New),https://www.shl.com/solutions/products/product-catalog/view/production-engineering-new/
Programming Concepts,https://www.shl.com/solutions/products/product-catalog/view/programming-concepts/
Project Management (2013),https://www.shl.com/solutions/products/product-catalog/view/project-management-2013/
Proofreading v1,https://www.shl.com/solutions/products/product-catalog/view/proofreading-v1/
Python (New),https://www.shl.com/solutions/products/product-catalog/view/python-new/
R Programming (New),https://www.shl.com/solutions/products/product-catalog/view/r-programming-new/
ReactJS (New),https://www.shl.com/solutions/products/product-catalog/view/reactjs-new/
Reading Comprehension - English v1,https://www.shl.com/solutions/products/product-catalog/view/reading-comprehension-english-v1/
Reading Comprehension - Spanish v1,https://www.shl.com/solutions/products/product-catalog/view/reading-comprehension-spanish-v1/
Reading Comprehension v2,https://www.shl.com/solutions/products/product-catalog/view/reading-comprehension-v2/
RemoteWorkQ,https://www.shl.com/solutions/products/product-catalog/view/remoteworkq/
RemoteWorkQ Manager Report,https://www.shl.com/solutions/products/product-catalog/view/remoteworkq-manager-report/
RemoteWorkQ Participant Report,https://www.shl.com/solutions/products/product-catalog/view/remoteworkq-participant-report/
RESTful Web Services (New),https://www.shl.com/solutions/products/product-catalog/view/restful-web-services-new/
Retail Sales and Service Simulation,https://www.shl.com/solutions/products/product-catalog/view/retail-sales-and-service-simulation/
Reviewing Forms - US (R1),https://www.shl.com/solutions/products/product-catalog/view/reviewing-forms-us-r1/
Ruby (New),https://www.shl.com/solutions/products/product-catalog/view/ruby-new/
Ruby on Rails (New),https://www.shl.com/solutions/products/product-catalog/view/ruby-on-rails-new/
Sales & Service Phone Simulation,https://www.shl.com/solutions/products/product-catalog/view/sales-and-service-phone-simulation/
Sales & Service Phone Solution,https://www.shl.com/solutions/products/product-catalog/view/sales-and-service-phone-solution/
Sales Interview Guide,https://www.shl.com/solutions/products/product-catalog/view/sales-interview-guide/
Sales Profiler Cards,https://www.shl.com/solutions/products/product-catalog/view/sales-profiler-cards/
Sales Transformation 1.0 - Individual Contributor,https://www.shl.com/solutions/products/product-catalog/view/sales-transformation-report-individual-contributor/
Sales Transformation 2.0 - Individual Contributor,https://www.shl.com/solutions/products/product-catalog/view/salestransformationreport2-0-individualcontributor/
Sales Transformation Report 1.0 - Sales Manager,https://www.shl.com/solutions/products/product-catalog/view/sales-transformation-report-sales-manager/
Sales Transformation Report 2.0 - Sales Manager,https://www.shl.com/solutions/products/product-catalog/view/sales-transformation-report-2-0-sales-manager/
Salesforce Development (New),https://www.shl.com/solutions/products/product-catalog/view/salesforce-development-new/
SAP ABAP (Advanced Level) (New),https://www.shl.com/solutions/products/product-catalog/view/sap-abap-advanced-level-new/
SAP ABAP (Intermediate Level) (New),https://www.shl.com/solutions/products/product-catalog/view/sap-abap-intermediate-level-new/
SAP Basis (New),https://www.shl.com/solutions/products/product-catalog/view/sap-basis-new/
SAP Business Objects WebI (New),https://www.shl.com/solutions/products/product-catalog/view/sap-business-objects-webi-new/
SAP BW (Business Warehouse) (New),https://www.shl.com/solutions/products/product-catalog/view/sap-bw-business-warehouse-new/
SAP HCM (Human Capital Management) (New),https://www.shl.com/solutions/products/product-catalog/view/sap-hcm-human-capital-management-new/
SAP Hybris (New),https://www.shl.com/solutions/products/product-catalog/view/sap-hybris-new/
SAP Materials Management (New),https://www.shl.com/solutions/products/product-catalog/view/sap-materials-management-new/
SAP SD (Sales and Distribution) (New),https://www.shl.com/solutions/products/product-catalog/view/sap-sd-sales-and-distribution-new/
Search Engine Optimization (New),https://www.shl.com/solutions/products/product-catalog/view/search-engine-optimization-new/
Selenium (New),https://www.shl.com/solutions/products/product-catalog/view/selenium-new/
Shell Scripting (New),https://www.shl.com/solutions/products/product-catalog/view/shell-scripting-new/
SHL Verify Interactive - Inductive Reasoning,https://www.shl.com/solutions/products/product-catalog/view/shl-verify-interactive-inductive-reasoning/
SHL Verify Interactive – Deductive Reasoning,https://www.shl.com/solutions/products/product-catalog/view/shl-verify-interactive-deductive-reasoning/
SHL Verify Interactive – Numerical Reasoning,https://www.shl.com/solutions/products/product-catalog/view/shl-verify-interactive-numerical-reasoning/
SHL Verify Interactive G+,https://www.shl.com/solutions/products/product-catalog/view/shl-verify-interactive-g/
SHL Verify Interactive Numerical Calculation,https://www.shl.com/solutions/products/product-catalog/view/shl-verify-interactive-numerical-calculation/
Siebel Development (New),https://www.shl.com/solutions/products/product-catalog/view/siebel-development-new/
Smart Interview Live,https://www.shl.com/solutions/products/product-catalog/view/smart-interview-live/
Smart Interview Live Coding,https://www.shl.com/solutions/products/product-catalog/view/smart-interview-live-coding/
Smart Interview On Demand,https://www.shl.com/solutions/products/product-catalog/view/smart-interview-on-demand/
Social Media (New),https://www.shl.com/solutions/products/product-catalog/view/social-media-new/
Software Business Analysis,https://www.shl.com/solutions/products/product-catalog/view/software-business-analysis/
SonarQube (New),https://www.shl.com/solutions/products/product-catalog/view/sonarqube-new/
Spelling (U.S.) (New),https://www.shl.com/solutions/products/product-catalog/view/spelling-u-s-new/
Split Screen Typing Test - Form 1,https://www.shl.com/solutions/products/product-catalog/view/split-screen-typing-test-form-1/
Spring (New),https://www.shl.com/solutions/products/product-catalog/view/spring-new/
SQL (New),https://www.shl.com/solutions/products/product-catalog/view/sql-new/
SQL Server (New),https://www.shl.com/solutions/products/product-catalog/view/sql-server-new/
SQL Server Analysis Services (SSAS) (New),https://www.shl.com/solutions/products/product-catalog/view/sql-server-analysis-services-%28ssas%29-%28new%29/
SQL Server Integration Services (SSIS) (New),https://www.shl.com/solutions/products/product-catalog/view/sql-server-integration-services-ssis-new/
SQL Server Reporting Services (SSRS) (New),https://www.shl.com/solutions/products/product-catalog/view/sql-server-reporting-services-ssrs-new/
Statistical Analysis System (New),https://www.shl.com/solutions/products/product-catalog/view/statistical-analysis-system-new/
Struts (New),https://www.shl.com/solutions/products/product-catalog/view/struts-new/
SVAR - Spoken English (AUS),https://www.shl.com/solutions/products/product-catalog/view/svar-spoken-english-aus/
SVAR - Spoken English (Indian Accent)  (New),https://www.shl.com/solutions/products/product-catalog/view/svar-spoken-english-indian-accent-new/
SVAR - Spoken English (U.K.),https://www.shl.com/solutions/products/product-catalog/view/svar-spoken-english-u-k/
SVAR - Spoken English (US)  (New),https://www.shl.com/solutions/products/product-catalog/view/svar-spoken-english-us-new/
SVAR - Spoken French (Canadian) (New),https://www.shl.com/solutions/products/product-catalog/view/svar-spoken-french-canadian-new/
SVAR - Spoken French (European) (New),https://www.shl.com/solutions/products/product-catalog/view/svar-spoken-french-european-new/
SVAR - Spoken Spanish (Castilian) (New),https://www.shl.com/solutions/products/product-catalog/view/svar-spoken-spanish-castilian-new/
SVAR - Spoken Spanish (North American) (New),https://www.shl.com/solutions/products/product-catalog/view/svar-spoken-spanish-north-american-new/
Swing (New),https://www.shl.com/solutions/products/product-catalog/view/swing-new/
Tableau (New),https://www.shl.com/solutions/products/product-catalog/view/tableau-new/
Telecommunications Engineering (New),https://www.shl.com/solutions/products/product-catalog/view/telecommunications-engineering-new/
Teradata Development (New),https://www.shl.com/solutions/products/product-catalog/view/teradata-development-new/
Time Management (U.S.),https://www.shl.com/solutions/products/product-catalog/view/time-management-u-s/
Training Development,https://www.shl.com/solutions/products/product-catalog/view/training-development/
Typing (New),https://www.shl.com/solutions/products/product-catalog/view/typing-new/
UiPath RPA Development (New),https://www.shl.com/solutions/products/product-catalog/view/uipath-rpa-development-new/
Universal Competency Framework Interview Guide,https://www.shl.com/solutions/products/product-catalog/view/universal-competency-framework-interview-guide/
Universal Competency Framework Job profiling guide,https://www.shl.com/solutions/products/product-catalog/view/universal-competency-framework-job-profiling-guide/
Universal Competency Framework Profiler Cards (44),https://www.shl.com/solutions/products/product-catalog/view/universal-competency-framework-profiler-cards-44/
UNIX (New),https://www.shl.com/solutions/products/product-catalog/view/unix-new/
VB.NET (New),https://www.shl.com/solutions/products/product-catalog/view/vb-net-new/
Verify - Deductive Reasoning,https://www.shl.com/solutions/products/product-catalog/view/verify-deductive-reasoning/
Verify - Following Instructions,https://www.shl.com/solutions/products/product-catalog/view/verify-following-instructions/
Verify - G+,https://www.shl.com/solutions/products/product-catalog/view/verify-g/
Verify - General Ability Screen,https://www.shl.com/solutions/products/product-catalog/view/verify-general-ability-screen/
Verify - Inductive Reasoning (2014),https://www.shl.com/solutions/products/product-catalog/view/verify-inductive-reasoning-2014/
Verify - Numerical Ability,https://www.shl.com/solutions/products/product-catalog/view/verify-numerical-ability/
Verify - Technical Checking - Next Generation,https://www.shl.com/solutions/products/product-catalog/view/verify-technical-checking-next-generation/
Verify - Verbal Ability - Next Generation,https://www.shl.com/solutions/products/product-catalog/view/verify-verbal-ability-next-generation/
Verify - Working with Information,https://www.shl.com/solutions/products/product-catalog/view/verify-working-with-information/
Verify G+ - Ability Test Report,https://www.shl.com/solutions/products/product-catalog/view/verify-g-ability-test-report/
Verify G+ - Candidate Report,https://www.shl.com/solutions/products/product-catalog/view/verify-g-candidate-report/
Verify Interactive Ability Report,https://www.shl.com/solutions/products/product-catalog/view/verify-interactive-ability-report/
Verify Interactive G+ Candidate Report,https://www.shl.com/solutions/products/product-catalog/view/verify-interactive-g-candidate-report/
Verify Interactive G+ Report,https://www.shl.com/solutions/products/product-catalog/view/verify-interactive-g-report/
Verify Interactive Process Monitoring,https://www.shl.com/solutions/products/product-catalog/view/verify-interactive-process-monitoring/
Virtual Assessment and Development Centers,https://www.shl.com/solutions/products/product-catalog/view/virtual-assessment-and-development-centers/
Visual Basic for Applications (New),https://www.shl.com/solutions/products/product-catalog/view/visual-basic-for-applications-new/
Visual Comparison - UK,https://www.shl.com/solutions/products/product-catalog/view/visual-comparison-uk/
Visual Comparison - US,https://www.shl.com/solutions/products/product-catalog/view/visual-comparison-us/
VLSI and Embedded Systems (New),https://www.shl.com/solutions/products/product-catalog/view/vlsi-and-embedded-systems-new/
What Is The Value - US,https://www.shl.com/solutions/products/product-catalog/view/what-is-the-value-us/
Workplace Administration Skills (New),https://www.shl.com/solutions/products/product-catalog/view/workplace-administration-skills-new/
Workplace Health and Safety (New),https://www.shl.com/solutions/products/product-catalog/view/workplace-health-and-safety-new/
WriteX - Email Writing (Customer Service) (New),https://www.shl.com/solutions/products/product-catalog/view/writex-email-writing-customer-service-new/
WriteX - Email Writing (Managerial) (New),https://www.shl.com/solutions/products/product-catalog/view/writex-email-writing-managerial-new/
WriteX - Email Writing (Sales) (New),https://www.shl.com/solutions/products/product-catalog/view/writex-email-writing-sales-new/
Written English v1,https://www.shl.com/solutions/products/product-catalog/view/written-english-v1/
Written Spanish,https://www.shl.com/solutions/products/product-catalog/view/written-spanish/
Zabbix (New),https://www.shl.com/solutions/products/product-catalog/view/zabbix-new/
360 Digital Report,https://www.shl.com/solutions/products/product-catalog/view/360-digital-report/
360° Multi-Rater Feedback System (MFS),https://www.shl.com/solutions/products/product-catalog/view/360-multi-rater-feedback-system-mfs/
